{
  "_fv": 60,
  "_type": "tool",
  "definition": {
    "toolType": "Spade",
    "renderType": 0,
    "blockingRenderType": 0,
    "texture": "copper_shovel",
    "customModelName": "Normal",
    "blockingModelName": "Normal blocking",
    "name": "Copper Shovel",
    "specialInformation": {
      "fixedValue": []
    },
    "creativeTab": {
      "value": "TOOLS"
    },
    "harvestLevel": 2,
    "efficiency": 6.0,
    "attackSpeed": 3.0,
    "enchantability": 13,
    "damageVsEntity": 4.0,
    "usageCount": 216,
    "blocksAffected": [],
    "glowCondition": {
      "fixedValue": false
    },
    "repairItems": [
      {
        "value": "Items.COPPER_INGOT"
      }
    ],
    "immuneToFire": false,
    "stayInGridWhenCrafting": false,
    "damageOnCrafting": false
  }
}