{
  "_fv": 60,
  "_type": "tool",
  "definition": {
    "toolType": "Sword",
    "renderType": 0,
    "blockingRenderType": 0,
    "texture": "slime_sword",
    "customModelName": "Normal",
    "blockingModelName": "Normal blocking",
    "name": "Slime Sword",
    "specialInformation": {
      "fixedValue": []
    },
    "creativeTab": {
      "value": "CUSTOM:Projectskynet"
    },
    "harvestLevel": 2,
    "efficiency": 7.0,
    "attackSpeed": 2.0,
    "enchantability": 17,
    "damageVsEntity": 7.0,
    "usageCount": 323,
    "blocksAffected": [],
    "glowCondition": {
      "fixedValue": false
    },
    "repairItems": [
      {
        "value": "Items.SLIME_BALL"
      }
    ],
    "immuneToFire": false,
    "stayInGridWhenCrafting": false,
    "damageOnCrafting": false
  }
}